,01CPTAC_PDA_Proteome_JHU_20191125,05CPTAC_PDA_Proteome_JHU_20200210,09CPTAC_PDA_Proteome_JHU_20191204,13CPTAC_PDA_Proteome_JHU_20191219,17CPTAC_PDA_Proteome_JHU_20200110,22CPTAC_PDA_Proteome_JHU_20200128,24CPTAC_PDA_Proteome_JHU_20200206,25CPTAC_PDA_Proteome_JHU_20200521
01CPTAC_PDA_Proteome_JHU_20191125,1.0,0.43958858777936916,0.39605576860491026,0.41841859605252996,0.40237123238259836,0.3747900388346596,0.29839224451509727,0.33170405275300097
05CPTAC_PDA_Proteome_JHU_20200210,0.43958858777936916,1.0,0.3913483799855351,0.48721062415417304,0.46415980840782467,0.36316429591933724,0.3876783266331814,0.4016315586599615
09CPTAC_PDA_Proteome_JHU_20191204,0.39605576860491026,0.3913483799855351,1.0,0.4214523380446768,0.3709692971219928,0.3753525777730132,0.3079261998853419,0.2908701978613008
13CPTAC_PDA_Proteome_JHU_20191219,0.41841859605252996,0.48721062415417304,0.4214523380446768,1.0,0.4837643397516986,0.37785501482356815,0.3620743190095663,0.3944461208503354
17CPTAC_PDA_Proteome_JHU_20200110,0.40237123238259836,0.46415980840782467,0.3709692971219928,0.4837643397516986,1.0,0.40274496210020905,0.3733451872792341,0.3827942851771367
22CPTAC_PDA_Proteome_JHU_20200128,0.3747900388346596,0.36316429591933724,0.3753525777730132,0.37785501482356815,0.40274496210020905,1.0,0.2849603367915281,0.2780777499375907
24CPTAC_PDA_Proteome_JHU_20200206,0.29839224451509727,0.3876783266331814,0.3079261998853419,0.3620743190095663,0.3733451872792341,0.2849603367915281,1.0,0.3507559143682843
25CPTAC_PDA_Proteome_JHU_20200521,0.33170405275300097,0.4016315586599615,0.2908701978613008,0.3944461208503354,0.3827942851771367,0.2780777499375907,0.3507559143682843,1.0
